BEGIN TRANSACTION;
INSERT INTO `usuario_user` (password,last_login,nombreUsuario,correo,foto,is_staff,is_superuser,estatus,codTipoUser_id,idCliente_id,is_active,idEmpleado_id) VALUES ('pbkdf2_sha256$150000$XLi13v82yBIT$MJ9AHGRUuaAx9RMq2wfkWKns05fZo9iK6FKphwJrKgk=','2019-09-23 20:32:43.980621','admin','administrador@artemis.com','usuarios/fotos/Legado-Bowie.jpg',1,1,'A','admin',NULL,1,'1'),
 ('pbkdf2_sha256$150000$fujHAJFamj0R$gaHs6+s1ZQgGxZr0Atz096dcSQtiKVL13/KZukoYtkU=','2019-10-13 14:57:53.906057','cliente','lisbethsalander@yahoo.net','usuarios/fotos/DT.jpg',0,0,'A','cli','1',1,NULL),
 ('pbkdf2_sha256$150000$l49LzI061iEo$/JGPeu/ZVq7+GkfhjvpdGZMEdrUBmgyrbYZB64PEefY=','2019-10-13 15:02:06.784962','atencioncli','natromanoff@vormir.com','usuarios/fotos/Nat.jpeg',0,0,'A','atc',NULL,1,'2'),
 ('pbkdf2_sha256$150000$20f47wtonPyJ$bbNqouAJyoXtkpaD5pruvwxEGU92iS84QnfPhfSCS6w=','2019-09-21 03:01:33.307909','gestorpqs','jasonmomoa@artemis.com','usuarios/fotos/gettyimages-1131981370.jpg',0,0,'A','gpqs',NULL,1,'3'),
 ('pbkdf2_sha256$150000$qUCQGmPFXZ3O$oA3qXmzZ4qIGJEW9zca1bGq922sAYUAF66ToaCnQ83A=','2019-09-21 02:53:37.241604','tecnico','lunalg@elquisquilloso.com','usuarios/fotos/luna.jpg',0,0,'A','tc',NULL,1,'4'),
 ('pbkdf2_sha256$150000$fFySHBqrOiw0$RyBgPdw1FQ0zyQlF8j+AZY1fjlefo4SaOMndWI1Ak/o=','2019-10-13 16:19:19.839925','gerente','edgarramirez@artemis.com','usuarios/fotos/153358.jpg',0,0,'A','ger',NULL,1,'5'),
 ('pbkdf2_sha256$150000$NpZcgZ9SjL46$18EVAwKiKCZvmg9tO0IjBXXLiVc/HEyB95NRw0yZuj4=','2019-10-13 16:21:43.734369','gestorr','tsonga@artemis.com','usuarios/fotos/tsonga.jpeg',0,0,'A','grec',NULL,1,'6'),
 ('pbkdf2_sha256$150000$l9onfXCyETjq$EwXEkogqphrWlVsMqsUywluH/qvcZipm87FKiFLJZr4=',NULL,'pucho','pucho@vetustamorla.com','usuarios/fotos/default.jpg',0,0,'A','ger',NULL,1,'20111222'),
 ('pbkdf2_sha256$150000$KyZnoudOXYJ9$OYcuIERsjf+iO+XgvkFAeW5YywOd5aJJKhYftjniFlw=','2019-07-29 21:58:35.284221','naomi','anyeliv02@gmail.com','usuarios/fotos/default.jpg',0,0,'A','cli','26088718',1,NULL),
 ('pbkdf2_sha256$150000$0ZT0Rpwlgdpo$bjjYN4Opuz2Wn2PoMFZUo/kV2JrxSz1wpRZtSoBWdSE=','2019-09-18 23:53:47.031777','danytgn','ladanytargaryen@poniente.com','usuarios/fotos/default.jpg',0,0,'A','cli','7',1,NULL),
 ('pbkdf2_sha256$150000$VdrGDBThQIkS$Ax65ESEyhXzo0/uIU/xP11vkFCfEh6JQ42SuMLeh9nU=',NULL,'ima','ima@ima.com','usuarios/fotos/default.jpg',0,0,'A','cli','10',1,NULL),
 ('pbkdf2_sha256$150000$vKf6Yvfm7E3V$shNSyoAauch889TEUGp6qNuV5mVKEYFixPNVayURhAw=',NULL,'leota','leota@gmail.com','usuarios/fotos/default.jpg',0,0,'A','grec',NULL,1,'23904228');
INSERT INTO `usuario_tipouser` (codTipoUser,tipoUser,estatus) VALUES ('cli','Cliente','A'),
 ('atc','At Cliente','A'),
 ('gpqs','Gestor PQS','A'),
 ('tc','Técnico','A'),
 ('admin','Administrador','A'),
 ('ger','Gerente','A'),
 ('grec','Gestor Reclamos','A');
INSERT INTO `resp_predefinida_respuestapredefinida` (descripcion,categoria,contUso,estatus,codRespuestaP) VALUES ('Probando lo que es una petición','pet',0,'A','REP-0000'),
 ('Muchas gracias por tu queja, la escuchamos, saludos.','que',0,'A','REP-0001'),
 ('gracias por sugerir la gerencia','sug',0,'A','REP-0002');
INSERT INTO `reclamo_reclamo` (codReclamo,descripcion,fechaRegistro,fechaEstimada,fechaFinalizada,valoracion,estatus,codCategoria_id,codDetContrato_id,nombreUsuario_id) VALUES ('REC-0000','Por ahorrarme el peluquero me cortaron mal el pelo','2019-07-27 03:13:14',NULL,NULL,NULL,'P','CTR-0000','DC-0000','cliente'),
 ('REC-0001','Mi internet está súper lento broder','2019-07-27 03:28:32','','2019-07-30',NULL,'F','CTR-0000','DC-0000','cliente'),
 ('REC-0002','El internet se me cae religiosamente de 12 am a 12 am, esto es, NUUNCA TENGO INTERNET','2019-09-19 00:22:56.241371',NULL,NULL,NULL,'P','CTR-0000','DC-0000','cliente'),
 ('REC-0003','nnn','2019-10-13 15:41:04.542071',NULL,NULL,NULL,'P','CTR-0005','DC-0001','danytgn'),
 ('REC-0004','mmmm','2019-10-13 15:50:42.279584',NULL,NULL,NULL,'P','CTR-0001','DC-0002','danytgn');
INSERT INTO `reclamo_categoria` (codCategoria,nombre,descripcion,estatus) VALUES ('CTR-0000','Atención al cliente','Mal servicio','A'),
 ('CTR-0001','Cobro Incorrecto','Se ha cobrado incorrectamente','A'),
 ('CTR-0002','Errores de conexión de internet','Hay errores de conexión de internet','A'),
 ('CTR-0003','Teléfono sin tono','El teléfono fijo no presenta tono','A'),
 ('CTR-0004','Señal','no hay señal','A'),
 ('CTR-0005','Productos','los productos no sirven','A');
INSERT INTO `pqs_pqs` (codPQS,categoria,descripcion,fechaFinalizado,estatus,nombreUsuario_id,fechaRegistro) VALUES ('PQS-0000','P','Me gustaría que hicieran eventos navideños',NULL,'M','cliente','2019-07-11 02:12:16'),
 ('PQS-0001','Q','Su local del centro no tiene baño',NULL,'A','cliente','2019-07-13 03:12:28'),
 ('PQS-0002','Q','Tienen sucursales muy lejos de la ciudad',NULL,'P','cliente','2019-07-16 03:12:46'),
 ('PQS-0003','S','Su logo se vería mas bonito si tuviera verde',NULL,'P','cliente','2019-07-19 03:12:53'),
 ('PQS-0004','P','Quisiera que mejoraran la señal de tv para mi zona porque se ve bien mal oyó',NULL,'P','cliente','2019-07-26 03:13:01'),
 ('PQS-0005','Q','Tienen un mal servicio por telefonía, no tratan a las personas con amabilidad',NULL,'P','cliente','2019-07-28 18:00:20'),
 ('PQS-0006','P','Hola',NULL,'P','cliente','2019-09-17 19:26:05.266168'),
 ('PQS-0007','P','Hola',NULL,'P','cliente','2019-09-17 19:26:56.785573'),
 ('PQS-0008','P','Hola',NULL,'P','cliente','2019-09-17 19:28:44.738157'),
 ('PQS-0009','P','Hola',NULL,'P','cliente','2019-09-17 19:29:23.111600'),
 ('PQS-0010','P','Hola',NULL,'P','cliente','2019-09-17 19:30:02.441461'),
 ('PQS-0011','P','Hola',NULL,'P','cliente','2019-09-17 19:30:45.624336'),
 ('PQS-0012','Q','Hola',NULL,'P','cliente','2019-09-17 19:31:06.051571'),
 ('PQS-0013','S','Gola',NULL,'P','cliente','2019-09-17 19:31:20.214893'),
 ('PQS-0014','Q','probando registro y mensajes',NULL,'P','danytgn','2019-09-23 20:29:47.664350');
INSERT INTO `django_session` (session_key,session_data,expire_date) VALUES ('bjldbjnvdq1sywa92t2wqgwtff6kh3zk','NmVhMGI0MTMwYzA3YzM4Y2EzNGE5YWNlOWY1Njg4NGQyMGRhOGVkMTp7Il9hdXRoX3VzZXJfaGFzaCI6Ijk4YjY2NDRmZjYzNDNlZTBjNDhmNDU0NzcxMTQwMTE2NmYzMzkxZTMiLCJfYXV0aF91c2VyX2JhY2tlbmQiOiJkamFuZ28uY29udHJpYi5hdXRoLmJhY2tlbmRzLk1vZGVsQmFja2VuZCIsIl9hdXRoX3VzZXJfaWQiOiJhZG1pbiJ9','2019-08-09 13:54:15.752582'),
 ('ilpjg28ry3bgwkho9t4k5c4txy29z22p','YThmZTE5ZDQ0MjZkYmFmNjMyMjRlMThiMzI3NmQzMzZiMTYxOTg4OTp7Il9hdXRoX3VzZXJfaGFzaCI6ImU3NDQ4ZTNhODFhOWFkYTA4ZGQ0MWFiNzkwMDVlOWE0YThhYmI3Y2QiLCJfYXV0aF91c2VyX2JhY2tlbmQiOiJkamFuZ28uY29udHJpYi5hdXRoLmJhY2tlbmRzLk1vZGVsQmFja2VuZCIsIl9hdXRoX3VzZXJfaWQiOiJhdGVuY2lvbmNsaSJ9','2019-09-14 03:06:56.482159'),
 ('xdo1qsey9ovfjdjtvd0mwewlyahfa46z','OGExMmIxNmM3ZDQyN2M1MWQ2NWNmOWI4NmU4MmJhYWUxODM4ZTRkZTp7Il9hdXRoX3VzZXJfaWQiOiJnZXN0b3JyIiwiX2F1dGhfdXNlcl9iYWNrZW5kIjoiZGphbmdvLmNvbnRyaWIuYXV0aC5iYWNrZW5kcy5Nb2RlbEJhY2tlbmQiLCJfYXV0aF91c2VyX2hhc2giOiJmODIwNDA3ZjI1YjM2YTNlZjI1MjhlODg2ZmQzNjc4ZWM0NDdmNWQ5In0=','2019-10-27 16:21:43.847857');
INSERT INTO `django_migrations` (id,app,name,applied) VALUES (1,'datos_externos','0001_initial','2019-07-25 21:51:30.634528'),
 (2,'contenttypes','0001_initial','2019-07-25 21:51:31.183258'),
 (3,'contenttypes','0002_remove_content_type_name','2019-07-25 21:51:32.204043'),
 (4,'auth','0001_initial','2019-07-25 21:51:32.686950'),
 (5,'auth','0002_alter_permission_name_max_length','2019-07-25 21:51:34.486692'),
 (6,'auth','0003_alter_user_email_max_length','2019-07-25 21:51:34.590719'),
 (7,'auth','0004_alter_user_username_opts','2019-07-25 21:51:34.692476'),
 (8,'auth','0005_alter_user_last_login_null','2019-07-25 21:51:34.809645'),
 (9,'auth','0006_require_contenttypes_0002','2019-07-25 21:51:34.922650'),
 (10,'auth','0007_alter_validators_add_error_messages','2019-07-25 21:51:35.043491'),
 (11,'auth','0008_alter_user_username_max_length','2019-07-25 21:51:35.162789'),
 (12,'auth','0009_alter_user_last_name_max_length','2019-07-25 21:51:35.277122'),
 (13,'auth','0010_alter_group_name_max_length','2019-07-25 21:51:35.842524'),
 (14,'auth','0011_update_proxy_permissions','2019-07-25 21:51:36.190000'),
 (15,'usuario','0001_initial','2019-07-25 21:51:37.269213'),
 (16,'admin','0001_initial','2019-07-25 21:51:38.554750'),
 (17,'admin','0002_logentry_remove_auto_add','2019-07-25 21:51:39.632435'),
 (18,'admin','0003_logentry_add_action_flag_choices','2019-07-25 21:51:40.565721'),
 (19,'reclamo','0001_initial','2019-07-25 21:51:40.929681'),
 (20,'resp_predefinida','0001_initial','2019-07-25 21:51:41.188749'),
 (21,'sessions','0001_initial','2019-07-25 21:51:41.445470'),
 (22,'resp_predefinida','0002_auto_20190725_1752','2019-07-25 21:53:01.854622'),
 (23,'pqs','0001_initial','2019-07-26 17:43:43.677055'),
 (24,'resp_predefinida','0003_auto_20190726_1343','2019-07-26 17:43:44.531827'),
 (25,'pqs','0002_auto_20190726_1430','2019-07-26 18:30:31.027711'),
 (26,'resp_predefinida','0004_auto_20190726_1430','2019-07-26 18:30:31.605239'),
 (27,'datos_externos','0002_auto_20190726_2157','2019-07-27 01:57:33.601066'),
 (28,'reclamo','0002_reclamo','2019-07-27 01:57:33.912059'),
 (29,'resp_predefinida','0005_auto_20190726_2157','2019-07-27 01:57:34.816771'),
 (30,'pqs','0003_auto_20190726_2301','2019-07-27 03:01:47.848242'),
 (31,'reclamo','0003_auto_20190726_2301','2019-07-27 03:01:49.470161'),
 (32,'resp_predefinida','0006_auto_20190726_2301','2019-07-27 03:01:50.059233'),
 (33,'pqs','0004_auto_20190726_2311','2019-07-27 03:11:29.720622'),
 (34,'reclamo','0004_auto_20190726_2311','2019-07-27 03:11:31.332165'),
 (35,'resp_predefinida','0007_auto_20190726_2311','2019-07-27 03:11:32.176790'),
 (36,'resp_predefinida','0008_auto_20190728_1306','2019-07-28 17:06:09.854054'),
 (37,'usuario','0002_user_is_active','2019-07-28 17:06:10.624253'),
 (38,'resp_predefinida','0009_auto_20190728_1706','2019-07-29 20:28:24.926031'),
 (39,'resp_predefinida','0010_auto_20190729_1628','2019-07-29 20:28:25.559816'),
 (40,'usuario','0003_auto_20190729_1628','2019-07-29 20:28:27.131038'),
 (41,'reclamo','0005_auto_20190918_1801','2019-09-18 22:01:15.918322'),
 (42,'resp_predefinida','0011_auto_20190918_1801','2019-09-18 22:01:16.072448'),
 (43,'resp_predefinida','0012_auto_20190918_1818','2019-09-18 22:18:46.692228'),
 (44,'reclamo','0006_auto_20191013_1359','2019-10-13 17:59:29.642216'),
 (45,'resp_predefinida','0013_auto_20191013_1359','2019-10-13 17:59:29.792868'),
 (46,'usuario','0004_eficienciagestor','2019-10-13 17:59:30.301007');
INSERT INTO `django_content_type` (id,app_label,model) VALUES (1,'admin','logentry'),
 (2,'auth','permission'),
 (3,'auth','group'),
 (4,'contenttypes','contenttype'),
 (5,'sessions','session'),
 (6,'reclamo','categoria'),
 (7,'usuario','user'),
 (8,'usuario','tipouser'),
 (9,'resp_predefinida','respuestapredefinida'),
 (10,'datos_externos','oficina'),
 (11,'datos_externos','cliente'),
 (12,'datos_externos','empleado'),
 (13,'pqs','pqs'),
 (14,'reclamo','reclamo'),
 (15,'datos_externos','zona'),
 (16,'datos_externos','ciudad'),
 (17,'datos_externos','detallecontrato'),
 (18,'datos_externos','estado'),
 (19,'datos_externos','contrato'),
 (20,'datos_externos','servicio'),
 (21,'usuario','eficienciagestor');
INSERT INTO `django_admin_log` (id,action_time,object_id,object_repr,change_message,content_type_id,user_id,action_flag) VALUES (1,'2019-07-25 22:39:23.824686','25999333','Nacho Redondo','[{"added": {}}]',12,'admin',1),
 (2,'2019-07-25 22:41:23.694392','25999333','Nacho Redondo','[{"changed": {"fields": ["cargo"]}}]',12,'admin',2),
 (3,'2019-07-26 13:06:06.646504','nachored','nachored','[{"changed": {"fields": ["estatus"]}}]',7,'admin',2),
 (4,'2019-07-27 02:34:54.124472','EST-0000','Estado object (EST-0000)','[{"added": {}}]',18,'admin',1),
 (5,'2019-07-27 02:34:59.974786','CIU-0000','Ciudad object (CIU-0000)','[{"added": {}}]',16,'admin',1),
 (6,'2019-07-27 02:35:27.553676','ZON-0000','Zona object (ZON-0000)','[{"added": {}}]',15,'admin',1),
 (7,'2019-07-27 02:38:18.626778','1','1','[{"added": {}}]',19,'admin',1),
 (8,'2019-07-27 02:39:10.239517','SER-0000','Internet','[{"added": {}}]',20,'admin',1),
 (9,'2019-07-27 02:39:19.899719','DC-0000','DC-0000','[{"added": {}}]',17,'admin',1),
 (10,'2019-07-27 02:39:48.035292','REC-0000','Reclamo object (REC-0000)','[{"added": {}}]',14,'admin',1),
 (11,'2019-07-27 02:43:06.045037','REC-0000','REC-0000 Por ahorrarme el pel','[{"changed": {"fields": ["estatus"]}}]',14,'admin',2),
 (12,'2019-07-27 03:05:00.648553','PQS-0003','PQS-0003 / cliente / Lisbeth / su logo se vería mas...','[{"changed": {"fields": ["categoria", "estatus"]}}]',13,'admin',2),
 (13,'2019-07-27 03:05:09.676654','PQS-0000','PQS-0000 / cliente / Lisbeth / prueba...','[{"changed": {"fields": ["categoria", "estatus"]}}]',13,'admin',2),
 (14,'2019-07-27 03:05:27.092475','PQS-0002','PQS-0002 / cliente / Lisbeth / hola...','[{"changed": {"fields": ["categoria", "estatus"]}}]',13,'admin',2),
 (15,'2019-07-27 03:05:34.577272','PQS-0001','PQS-0001 / cliente / Lisbeth / me qejo...','[{"changed": {"fields": ["categoria"]}}]',13,'admin',2),
 (16,'2019-07-27 03:05:46.607785','REC-0000','REC-0000 / cliente / Lisbeth / Por ahorrarme el pel...','[{"changed": {"fields": ["estatus"]}}]',14,'admin',2),
 (17,'2019-07-27 03:09:46.247033','REC-0000','REC-0000 / cliente / Lisbeth / Por ahorrarme el pel...','[{"changed": {"fields": ["fechaRegistro"]}}]',14,'admin',2),
 (18,'2019-07-27 03:12:03.920846','REC-0000','REC-0000 / cliente / Lisbeth / Por ahorrarme el pel...','[{"changed": {"fields": ["fechaRegistro"]}}]',14,'admin',2),
 (19,'2019-07-27 03:12:21.038245','PQS-0000','PQS-0000 / cliente / Lisbeth / prueba...','[{"changed": {"fields": ["fechaRegistro"]}}]',13,'admin',2),
 (20,'2019-07-27 03:12:34.602938','PQS-0001','PQS-0001 / cliente / Lisbeth / me qejo...','[{"changed": {"fields": ["fechaRegistro"]}}]',13,'admin',2),
 (21,'2019-07-27 03:12:39.834579','PQS-0000','PQS-0000 / cliente / Lisbeth / prueba...','[{"changed": {"fields": ["fechaRegistro"]}}]',13,'admin',2),
 (22,'2019-07-27 03:12:47.318242','PQS-0002','PQS-0002 / cliente / Lisbeth / hola...','[{"changed": {"fields": ["fechaRegistro"]}}]',13,'admin',2),
 (23,'2019-07-27 03:12:54.754723','PQS-0003','PQS-0003 / cliente / Lisbeth / su logo se vería mas...','[{"changed": {"fields": ["fechaRegistro"]}}]',13,'admin',2),
 (24,'2019-07-27 03:13:03.431097','PQS-0004','PQS-0004 / cliente / Lisbeth / Quiero que lleguen a...','[{"changed": {"fields": ["fechaRegistro"]}}]',13,'admin',2),
 (25,'2019-07-27 03:13:19.395214','REC-0000','REC-0000 / cliente / Lisbeth / Por ahorrarme el pel...','[{"changed": {"fields": ["fechaRegistro"]}}]',14,'admin',2),
 (26,'2019-07-27 03:29:12.204371','REC-0001','REC-0001 / cliente / Lisbeth / Mi internet está súp...','[{"added": {}}]',14,'admin',1),
 (27,'2019-07-27 22:28:24.764102','20111222','Juan Pedro Martin','[{"added": {}}]',12,'admin',1),
 (28,'2019-07-27 23:27:12.377275','26088718','Naomi Maldonado','[{"added": {}}]',11,'admin',1),
 (29,'2019-07-28 17:03:50.032853','naomi','naomi','[{"changed": {"fields": ["correo"]}}]',7,'admin',2),
 (30,'2019-07-28 18:00:52.383202','PQS-0005','PQS-0005 / cliente / Lisbeth / Me quejo porqe no te...','[{"added": {}}]',13,'admin',1),
 (31,'2019-07-28 18:26:35.591330','PQS-0005','PQS-0005 / cliente / Lisbeth / Tienen un mal servic...','[{"changed": {"fields": ["descripcion"]}}]',13,'admin',2),
 (32,'2019-07-28 18:27:12.582085','PQS-0004','PQS-0004 / cliente / Lisbeth / Quisiera que mejorar...','[{"changed": {"fields": ["descripcion"]}}]',13,'admin',2),
 (33,'2019-07-28 18:27:23.459631','PQS-0003','PQS-0003 / cliente / Lisbeth / Su logo se vería mas...','[{"changed": {"fields": ["descripcion"]}}]',13,'admin',2),
 (34,'2019-07-28 18:28:19.821698','PQS-0002','PQS-0002 / cliente / Lisbeth / Tienen sucursales mu...','[{"changed": {"fields": ["descripcion"]}}]',13,'admin',2),
 (35,'2019-07-28 18:29:01.513610','PQS-0001','PQS-0001 / cliente / Lisbeth / Su local del centro ...','[{"changed": {"fields": ["descripcion"]}}]',13,'admin',2),
 (36,'2019-07-28 18:29:27.404107','PQS-0000','PQS-0000 / cliente / Lisbeth / Me gustaría que hici...','[{"changed": {"fields": ["descripcion"]}}]',13,'admin',2),
 (37,'2019-07-29 21:46:50.054318','25571239','Yonny Barrios','[{"added": {}}]',11,'admin',1),
 (38,'2019-07-29 21:47:53.201305','23904228','Daniel Leota','[{"added": {}}]',12,'admin',1),
 (39,'2019-07-29 21:49:01.494268','25148316','José Medina','[{"added": {}}]',12,'admin',1),
 (40,'2019-07-29 21:49:33.116362','26305062','Omerly Mendoza','[{"added": {}}]',11,'admin',1),
 (41,'2019-07-29 21:50:01.085387','26799116','Maria Paredes','[{"added": {}}]',11,'admin',1),
 (42,'2019-07-29 21:50:29.694095','23537532','Moisés Pastrán','[{"added": {}}]',11,'admin',1),
 (43,'2019-07-29 21:50:51.380314','25293694','Andrea Perez','[{"added": {}}]',11,'admin',1),
 (44,'2019-07-29 21:51:22.460113','27290740','Nicolas Sira','[{"added": {}}]',11,'admin',1),
 (45,'2019-07-29 21:52:02.951329','26002905','Anyeli Villarreal','[{"added": {}}]',11,'admin',1),
 (46,'2019-07-29 21:53:23.410829','25627020','Rafael Daza','[{"added": {}}]',11,'admin',1),
 (47,'2019-07-29 21:55:39.258147','25148793','José Rivero','[{"added": {}}]',11,'admin',1),
 (48,'2019-07-30 14:16:11.637593','7448075','Ana Mercedes','[{"added": {}}]',11,'admin',1),
 (49,'2019-09-18 23:40:48.435793','SER-0001','Telefonía Fija','[{"added": {}}]',20,'admin',1),
 (50,'2019-09-18 23:41:17.257015','SER-0002','Televisión','[{"added": {}}]',20,'admin',1),
 (51,'2019-09-18 23:42:58.443241','ZON-0001','Este','[{"added": {}}]',15,'admin',1),
 (52,'2019-09-18 23:43:07.370465','2','2','[{"added": {}}]',19,'admin',1),
 (53,'2019-09-18 23:46:37.785978','DC-0001','DC-0001','[{"added": {}}]',17,'admin',1),
 (54,'2019-09-18 23:46:51.189320','DC-0002','DC-0002','[{"added": {}}]',17,'admin',1),
 (55,'2019-09-18 23:46:57.384072','DC-0003','DC-0003','[{"added": {}}]',17,'admin',1),
 (56,'2019-09-19 00:02:08.784712','CTR-0000','Atención al cliente','[{"changed": {"fields": ["nombre"]}}]',6,'admin',2),
 (57,'2019-09-19 00:02:24.560705','CTR-0001','Cobro Incorrecto','[{"added": {}}]',6,'admin',1),
 (58,'2019-09-19 00:03:21.837512','CTR-0002','Errores de conexión de internet','[{"added": {}}]',6,'admin',1),
 (59,'2019-09-19 00:03:59.346370','CTR-0003','Teléfono sin tono','[{"added": {}}]',6,'admin',1),
 (60,'2019-09-19 00:04:33.493002','CTR-0004','Señal','[{"added": {}}]',6,'admin',1),
 (61,'2019-09-19 00:04:49.983381','CTR-0005','Productos','[{"added": {}}]',6,'admin',1),
 (62,'2019-09-19 00:24:05.706663','10','Isaias Medina Angarita','[{"added": {}}]',11,'admin',1),
 (63,'2019-09-23 20:35:08.149398','25147670','Dany Karam','[{"added": {}}]',11,'admin',1),
 (64,'2019-09-23 20:35:17.107424','7448075','Ana Mercedes','',11,'admin',3);
INSERT INTO `datos_externos_zona` (codZona,nombre,estatus,codCiudad_id) VALUES ('ZON-0000','Oeste','A','CIU-0000'),
 ('ZON-0001','Este','A','CIU-0000');
INSERT INTO `datos_externos_servicio` (codServicio,nombre,descripcion,estatus) VALUES ('SER-0000','Internet','Internet Fijo 10 MB','A'),
 ('SER-0001','Telefonía Fija','Telefonía fija capacidad 10000min','A'),
 ('SER-0002','Televisión','Un servicio bien chevere','A');
INSERT INTO `datos_externos_oficina` (codOficina,nombre,direccion,estatus) VALUES ('OFI-0000','Matriz Barquisimeto','Leones','A');
INSERT INTO `datos_externos_estado` (codEstado,nombre,estatus) VALUES ('EST-0000','Lara','A');
INSERT INTO `datos_externos_empleado` (identificacion,nombre,apellido,direccion,telefono,cargo,estatus,codOficina_id) VALUES ('1','David','Bowie','Londres','04122222222','Gerente de Informática','A','OFI-0000'),
 ('2','Natasha','Romanoff','Vormir','02125552124','Directora de Atención al Cliente','A','OFI-0000'),
 ('3','Jason','Momoa','Hawaii','04242424242','Gestor de PQS','A','OFI-0000'),
 ('4','Luna','Lovegood','Hogwarts','04242424242','Jefe de Técnicos','A','OFI-0000'),
 ('5','Edgar','Ramírez','Hollywood','04242424242','Presidente de la Compañía','A','OFI-0000'),
 ('6','Jo-Wilfried','Tsonga','Francia','04242424242','Jefe de Reclamos','A','OFI-0000'),
 ('25999333','Nacho','Redondo','Nueva Yol','199999999','Gestor de PQS','A','OFI-0000'),
 ('20111222','Juan Pedro','Martin','España','0412234441','Gerente de Operaciones','A','OFI-0000'),
 ('23904228','Daniel','Leota','Baquisimeto','04122663772','Gerente de la empresa','A','OFI-0000'),
 ('25148316','José','Medina','Baquisimeto','04142938392','Gestor de Reclamo','A','OFI-0000');
INSERT INTO `datos_externos_detallecontrato` (codDetContrato,codServicio_id,nroContrato_id) VALUES ('DC-0000','SER-0000',1),
 ('DC-0001','SER-0000',2),
 ('DC-0002','SER-0001',2),
 ('DC-0003','SER-0002',2);
INSERT INTO `datos_externos_contrato` (nroContrato,nroAsociado,estatus,codCliente_id,codZona_id) VALUES (1,'0251222222','A','1','ZON-0000'),
 (2,'0251414141','A','7','ZON-0001');
INSERT INTO `datos_externos_cliente` (identificacion,nombre,apellido,direccion,telefono,estatus) VALUES ('1','Lisbeth','Salander','UNKNOWN','UNKNOWN','A'),
 ('7','Daenerys','Targaryen','Poniente','04242424242','A'),
 ('26088718','Naomi','Maldonado','Japon','04141234567','A'),
 ('25571239','Yonny','Barrios','Baquisimeto','04140986544','A'),
 ('26305062','Omerly','Mendoza','Baquisimeto','04149283749','A'),
 ('26799116','Maria','Paredes','Baquisimeto','04129487298','A'),
 ('23537532','Moisés','Pastrán','Baquisimeto','04122379821','A'),
 ('25293694','Andrea','Perez','Baquisimeto','04142873291','A'),
 ('27290740','Nicolas','Sira','Baquisimeto','04142837982','A'),
 ('26002905','Anyeli','Villarreal','Baquisimeto','04145804880','A'),
 ('25627020','Rafael','Daza','Baquisimeto','04122387492','A'),
 ('25148793','José','Rivero','Baquisimeto','04140219830','A'),
 ('10','Isaias','Medina Angarita','Cementerio del Este','04141222222','A'),
 ('25147670','Dany','Karam','Cabudare','04122379821','A');
INSERT INTO `datos_externos_ciudad` (codCiudad,nombre,estatus,codEstado_id) VALUES ('CIU-0000','Barquisimeto','A','EST-0000');
INSERT INTO `auth_permission` (id,content_type_id,codename,name) VALUES (1,1,'add_logentry','Can add log entry'),
 (2,1,'change_logentry','Can change log entry'),
 (3,1,'delete_logentry','Can delete log entry'),
 (4,1,'view_logentry','Can view log entry'),
 (5,3,'add_group','Can add group'),
 (6,3,'change_group','Can change group'),
 (7,3,'delete_group','Can delete group'),
 (8,3,'view_group','Can view group'),
 (9,2,'add_permission','Can add permission'),
 (10,2,'change_permission','Can change permission'),
 (11,2,'delete_permission','Can delete permission'),
 (12,2,'view_permission','Can view permission'),
 (13,4,'add_contenttype','Can add content type'),
 (14,4,'change_contenttype','Can change content type'),
 (15,4,'delete_contenttype','Can delete content type'),
 (16,4,'view_contenttype','Can view content type'),
 (17,5,'add_session','Can add session'),
 (18,5,'change_session','Can change session'),
 (19,5,'delete_session','Can delete session'),
 (20,5,'view_session','Can view session'),
 (21,6,'add_categoria','Can add categoria'),
 (22,6,'change_categoria','Can change categoria'),
 (23,6,'delete_categoria','Can delete categoria'),
 (24,6,'view_categoria','Can view categoria'),
 (25,7,'add_user','Can add user'),
 (26,7,'change_user','Can change user'),
 (27,7,'delete_user','Can delete user'),
 (28,7,'view_user','Can view user'),
 (29,8,'add_tipouser','Can add tipo user'),
 (30,8,'change_tipouser','Can change tipo user'),
 (31,8,'delete_tipouser','Can delete tipo user'),
 (32,8,'view_tipouser','Can view tipo user'),
 (33,9,'add_respuestapredefinida','Can add respuesta predefinida'),
 (34,9,'change_respuestapredefinida','Can change respuesta predefinida'),
 (35,9,'delete_respuestapredefinida','Can delete respuesta predefinida'),
 (36,9,'view_respuestapredefinida','Can view respuesta predefinida'),
 (37,12,'add_empleado','Can add empleado'),
 (38,12,'change_empleado','Can change empleado'),
 (39,12,'delete_empleado','Can delete empleado'),
 (40,12,'view_empleado','Can view empleado'),
 (41,11,'add_cliente','Can add cliente'),
 (42,11,'change_cliente','Can change cliente'),
 (43,11,'delete_cliente','Can delete cliente'),
 (44,11,'view_cliente','Can view cliente'),
 (45,10,'add_oficina','Can add oficina'),
 (46,10,'change_oficina','Can change oficina'),
 (47,10,'delete_oficina','Can delete oficina'),
 (48,10,'view_oficina','Can view oficina'),
 (49,13,'add_pqs','Can add pqs'),
 (50,13,'change_pqs','Can change pqs'),
 (51,13,'delete_pqs','Can delete pqs'),
 (52,13,'view_pqs','Can view pqs'),
 (53,14,'add_reclamo','Can add reclamo'),
 (54,14,'change_reclamo','Can change reclamo'),
 (55,14,'delete_reclamo','Can delete reclamo'),
 (56,14,'view_reclamo','Can view reclamo'),
 (57,16,'add_ciudad','Can add ciudad'),
 (58,16,'change_ciudad','Can change ciudad'),
 (59,16,'delete_ciudad','Can delete ciudad'),
 (60,16,'view_ciudad','Can view ciudad'),
 (61,17,'add_detallecontrato','Can add detalle contrato'),
 (62,17,'change_detallecontrato','Can change detalle contrato'),
 (63,17,'delete_detallecontrato','Can delete detalle contrato'),
 (64,17,'view_detallecontrato','Can view detalle contrato'),
 (65,18,'add_estado','Can add estado'),
 (66,18,'change_estado','Can change estado'),
 (67,18,'delete_estado','Can delete estado'),
 (68,18,'view_estado','Can view estado'),
 (69,20,'add_servicio','Can add servicio'),
 (70,20,'change_servicio','Can change servicio'),
 (71,20,'delete_servicio','Can delete servicio'),
 (72,20,'view_servicio','Can view servicio'),
 (73,15,'add_zona','Can add zona'),
 (74,15,'change_zona','Can change zona'),
 (75,15,'delete_zona','Can delete zona'),
 (76,15,'view_zona','Can view zona'),
 (77,19,'add_contrato','Can add contrato'),
 (78,19,'change_contrato','Can change contrato'),
 (79,19,'delete_contrato','Can delete contrato'),
 (80,19,'view_contrato','Can view contrato'),
 (81,21,'add_eficienciagestor','Can add eficiencia gestor'),
 (82,21,'change_eficienciagestor','Can change eficiencia gestor'),
 (83,21,'delete_eficienciagestor','Can delete eficiencia gestor'),
 (84,21,'view_eficienciagestor','Can view eficiencia gestor');
COMMIT;
